"start24","end24","Applicant","Latitude","Longitude"
10,11,"Golden Catering",37.7111991003088,-122.394693339395
10,11,"Natan's Catering",37.7477067391559,-122.396413656839
10,11,"May Catering",37.7179084879527,-122.391343346823
10,11,"Golden Catering",37.7111428086172,-122.390768390822
10,11,"May Sun Kitchen",37.7811982218612,-122.423315547721
10,11,"Two G's Catering",37.7667867792956,-122.388078331989
10,11,"Two G's Catering",37.7728213280588,-122.390619360681
10,11,"Golden Catering",37.7166561002993,-122.390559039934
10,11,"Two G's Catering",37.7711580369615,-122.386931257562
10,23,"Covered Dish Productions, LLC. dba. The Rib Whip",37.796984468437,-122.397015212071
10,14,"Eva's Catering",37.7477067391559,-122.396413656839
10,15,"Bombay Blvd.",37.7921033879545,-122.397585967453
10,15,"Bombay Blvd.",37.7924309489844,-122.395771565795
10,15,"Bombay Blvd.",37.7885445211484,-122.399019231479
10,15,"Bombay Blvd.",37.7863836212372,-122.402297224865
10,16,"El Tonayense #60",37.7637618472594,-122.413533208474
10,18,"Off the Grid Services, LLC",37.7760385105764,-122.392939332071
10,18,"Santana ESG, Inc.",37.7651967350509,-122.416451692902
10,18,"GOZA GOZA TACO",37.7510138381744,-122.411178883992
10,18,"Kettle Corn Star",37.7861609344287,-122.405127311306
10,18,"Kettle Corn Star",37.7845283055703,-122.407272318144
10,19,"Bob Johnson",37.7325319595578,-122.391815933696
10,19,"El Tonayanse #4 / #36",37.7693456875221,-122.413329888831
10,19,"Bob Johnson",37.782143532929,-122.430449785949
10,20,"Gourmet Kettle Corn",37.8051366970446,-122.432295848298
10,20,"Kabob Trolley, LLC",37.7764065244709,-122.394110513855
10,20,"Halal Cart, LLC",37.7912587083087,-122.398658299327
10,20,"Halal Cart",37.7839488842882,-122.408008279363
10,21,"Got Snacks",37.7759081654088,-122.390058556767
10,21,"Tacos Santana",37.7302332323588,-122.402759048478
22,24,"Panchita's No. 2",37.7648798999969,-122.421594806498
11,22,"Subs on Hubs",37.7714019465879,-122.391771646847
11,12,"Natan's Catering",37.7490358344714,-122.411623966472
11,12,"Natan's Catering",37.764741322675,-122.387124812179
11,12,"Natan's Catering",37.7620084580302,-122.385441811568
11,12,"Natan's Catering",37.7611829945051,-122.388118704077
11,12,"Natan's Catering",37.7583033956425,-122.393514054817
11,12,"Natan's Catering",37.7571245603861,-122.388529515257
11,12,"Natan's Catering",37.7531551067155,-122.391174184456
11,12,"Natan's Catering",37.7533400011811,-122.384128384237
11,12,"Natan's Catering",37.7507607694601,-122.401540291357
11,12,"Natan's Catering",37.7524049924783,-122.387000196298
11,12,"Natan's Catering",37.75023466372,-122.388046499994
11,12,"Natan's Catering",37.7454064294164,-122.390081224847
11,12,"Natan's Catering",37.7381177715919,-122.404418467212
11,12,"Natan's Catering",37.740303872806,-122.406059743494
11,12,"Natan's Catering",37.7300036831892,-122.478186325415
11,12,"Natan's Catering",37.7679955456856,-122.387549426547
11,12,"Natan's Catering",37.7674330173312,-122.392149114172
11,12,"Natan's Catering",37.7707029760975,-122.390790355566
11,14,"VK Industries, Inc.",37.7857115703107,-122.406535822182
11,14,"Natan's Catering",37.764741322675,-122.387124812179
11,14,"Natan's Catering",37.7620084580302,-122.385441811568
11,14,"Natan's Catering",37.7611829945051,-122.388118704077
11,14,"Natan's Catering",37.7583033956425,-122.393514054817
11,14,"Natan's Catering",37.7571245603861,-122.388529515257
11,14,"Natan's Catering",37.7531551067155,-122.391174184456
11,14,"Natan's Catering",37.7533400011811,-122.384128384237
11,14,"Natan's Catering",37.7507607694601,-122.401540291357
11,14,"Natan's Catering",37.7524049924783,-122.387000196298
11,14,"Natan's Catering",37.75023466372,-122.388046499994
11,14,"Natan's Catering",37.7454064294164,-122.390081224847
11,14,"Natan's Catering",37.7381177715919,-122.404418467212
11,14,"Natan's Catering",37.740303872806,-122.406059743494
11,14,"Natan's Catering",37.7300036831892,-122.478186325415
11,14,"Natan's Catering",37.7679955456856,-122.387549426547
11,14,"Natan's Catering",37.7674330173312,-122.392149114172
11,14,"Natan's Catering",37.7707029760975,-122.390790355566
11,17,"Tacos Santana",37.7399293110874,-122.391283611001
11,17,"Let's Be Frank",37.7767782913255,-122.423366722161
11,18,"Senor Sisig",37.7855022223973,-122.408206918155
11,19,"Creme Brulee To Go",37.7856812513257,-122.405778850215
11,19,"Creme Brulee To Go",37.7849061488879,-122.407072991554
11,21,"The Creme Brulee Cart",37.7908897937244,-122.399494126212
0,2,"Doc's of the Bay",37.7553847384504,-122.418811946749
0,2,"Subs on Hubs",37.7789806675378,-122.401876399982
0,3,"GOZA GOZA TACO",37.771814022357,-122.413989317366
0,3,"Teresa Hotdogs",37.7630427472863,-122.434353042649
0,3,"Julie's Hot Dogs",37.7586236968811,-122.418982387443
0,3,"Panchita's No. 2",37.7648798999969,-122.421594806498
0,3,"Halal Cart, LLC",37.7875261917666,-122.410019320411
0,3,"Halal Cart",37.7839488842882,-122.408008279363
12,13,"Natan's Catering",37.7555059783625,-122.385220879126
12,18,"Raspados El Yocateco",37.7634137197851,-122.419580630787
12,20,"Casey's Pizza, LLC",37.7758704298588,-122.423847229106
13,14,"Natan's Catering",37.7644655822132,-122.397747616123
13,14,"Natan's Catering",37.764741322675,-122.387124812179
13,14,"Natan's Catering",37.7620084580302,-122.385441811568
13,14,"Natan's Catering",37.7611829945051,-122.388118704077
13,14,"Natan's Catering",37.7583033956425,-122.393514054817
13,14,"Natan's Catering",37.7571245603861,-122.388529515257
13,14,"Natan's Catering",37.7531551067155,-122.391174184456
13,14,"Natan's Catering",37.7533400011811,-122.384128384237
13,14,"Natan's Catering",37.7507607694601,-122.401540291357
13,14,"Natan's Catering",37.7524049924783,-122.387000196298
13,14,"Natan's Catering",37.75023466372,-122.388046499994
13,14,"Natan's Catering",37.7454064294164,-122.390081224847
13,14,"Natan's Catering",37.7381177715919,-122.404418467212
13,14,"Natan's Catering",37.740303872806,-122.406059743494
13,14,"Natan's Catering",37.7300036831892,-122.478186325415
13,14,"Natan's Catering",37.7679955456856,-122.387549426547
13,14,"Natan's Catering",37.7674330173312,-122.392149114172
13,14,"Natan's Catering",37.7707029760975,-122.390790355566
13,16,"VK Industries, Inc.",37.7857115703107,-122.406535822182
16,22,"El Tonayense #60",37.7596236343405,-122.414706934828
16,20,"Celtic Catering",37.7857511160177,-122.406219118363
17,22,"Tacos Santana",37.7444364893036,-122.399228839168
17,20,"Bombay Blvd.",37.7921033879545,-122.397585967453
17,20,"Bombay Blvd.",37.7924309489844,-122.395771565795
17,20,"Bombay Blvd.",37.7885445211484,-122.399019231479
17,20,"Bombay Blvd.",37.7863836212372,-122.402297224865
17,21,"Sinthya's Hot Dogs",37.7544023207176,-122.418717635916
6,24,"San Francisco Carts & Concessions, Inc. DBA Stanley's Steamers Hot Dogs",37.7818464873205,-122.388426441806
6,24,"San Francisco Carts & Concessions, Inc. DBA Stanley's Steamers Hot Dogs",37.7878137881663,-122.405098834861
6,24,"San Francisco Carts & Concessions, Inc. DBA Stanley's Steamers Hot Dogs",37.7889460031071,-122.403692234115
6,24,"San Francisco Carts & Concessions, Inc. DBA Stanley's Steamers Hot Dogs",37.7891395577013,-122.401934924896
18,24,"Leo's Hot Dogs",37.7601914209313,-122.41913245488
6,24,"San Francisco Carts & Concessions, Inc. DBA Stanley's Steamers Hot Dogs",37.787443441473,-122.407130420012
6,24,"San Francisco Carts & Concessions, Inc. DBA Stanley's Steamers Hot Dogs",37.7874073985061,-122.407413025679
6,24,"San Francisco Carts & Concessions, Inc. DBA Stanley's Steamers Hot Dogs",37.7889252304878,-122.406923276928
6,24,"San Francisco Carts & Concessions, Inc. DBA Stanley's Steamers Hot Dogs",37.7822813709122,-122.388447868215
6,24,"San Francisco Carts & Concessions, Inc. DBA Stanley's Steamers Hot Dogs",37.8052267720474,-122.416322260146
6,24,"San Francisco Carts & Concessions, Inc. DBA Stanley's Steamers Hot Dogs",37.7849382299627,-122.400486828595
6,24,"San Francisco Carts & Concessions, Inc. DBA Stanley's Steamers Hot Dogs",37.8062721441523,-122.42388615342
6,14,"Curbside Coffee",37.7899264436726,-122.391250706732
6,20,"Cheese Gone Wild",37.7982529941715,-122.399171569524
6,20,"Philz Coffee Truck",37.8051282283843,-122.432361422539
6,20,"Leticia Montes",37.7576217081709,-122.418887293706
6,20,"A Taste of Chicago",37.7301361101663,-122.399162749749
6,21,"The New York Frankfurter Co. of CA, Inc. DBA: Annie's Hot Dogs",37.786635282569,-122.406472958687
6,21,"The New York Frankfurter Co. of CA, Inc. DBA: Annie's Hot Dogs",37.7857732348758,-122.40591810922
6,21,"The New York Frankfurter Co. of CA, Inc. DBA: Annie's Hot Dogs",37.7849061488879,-122.407072991554
18,24,"Doc's of the Bay",37.7649796673777,-122.421767009106
7,18,"Giant Burrito",37.7126886057408,-122.431934935332
7,18,"The Chai Cart",37.7924472039343,-122.397442495538
7,18,"The Chai Cart",37.7928878954774,-122.402704171869
7,18,"The Chai Cart",37.7877086092889,-122.400723790401
7,18,"888 Brannan L.P.",37.7715562139518,-122.405194076275
7,19,"San Pancho's Tacos",37.7242700620858,-122.459281116535
7,8,"Natan's Catering",37.7463072924429,-122.388364499595
7,20,"San Pancho's Tacos",37.7102018879206,-122.455579845083
7,20,"La Jefa",37.738830582567,-122.406872036334
8,22,"Tacos El Primo",37.7301361101663,-122.399162749749
8,23,"Del Popolo, LLC.",37.7630433072676,-122.410942976716
8,16,"Betty McGee Creole",37.7728071230649,-122.391301857151
8,16,"Munch A Bunch",37.7674540216658,-122.419970859837
8,20,"Tacos Rodriguez",37.7394652718683,-122.382463242698
8,20,"Organic ART",37.7918670226872,-122.398248750459
8,20,"French Creme Brulee",37.7873287770306,-122.404002707411
8,9,"Natan's Catering",37.7489613833537,-122.387339637684
8,9,"Natan's Catering",37.7491830922641,-122.385380152928
9,10,"Natan's Catering",37.7644655822132,-122.397747616123
9,10,"May Catering",37.7456907227869,-122.453995481257
9,10,"Natan's Catering",37.7630476291484,-122.388652881267
9,10,"Natan's Catering",37.7653536432638,-122.40365294813
9,10,"Two G's Catering",37.7719979905519,-122.388695736053
9,10,"Natan's Catering",37.7668538737285,-122.390858284639
9,10,"May Catering",37.7162121435373,-122.389968007493
9,10,"Natan's Catering",37.764741322675,-122.387124812179
9,10,"Natan's Catering",37.7620084580302,-122.385441811568
9,10,"Natan's Catering",37.7611829945051,-122.388118704077
9,10,"Natan's Catering",37.7583033956425,-122.393514054817
9,10,"Natan's Catering",37.7571245603861,-122.388529515257
9,10,"Natan's Catering",37.7531551067155,-122.391174184456
9,10,"Natan's Catering",37.7533400011811,-122.384128384237
9,10,"Natan's Catering",37.7507607694601,-122.401540291357
9,10,"Natan's Catering",37.7524049924783,-122.387000196298
9,10,"Natan's Catering",37.75023466372,-122.388046499994
9,10,"Natan's Catering",37.7454064294164,-122.390081224847
9,10,"Natan's Catering",37.7381177715919,-122.404418467212
9,10,"Natan's Catering",37.740303872806,-122.406059743494
9,10,"Natan's Catering",37.7300036831892,-122.478186325415
9,10,"Natan's Catering",37.7679955456856,-122.387549426547
9,10,"Natan's Catering",37.7674330173312,-122.392149114172
9,10,"Natan's Catering",37.7707029760975,-122.390790355566
9,22,"Santana ESG, Inc.",37.7558763209725,-122.412271386632
9,14,"Mike's Catering",37.7973946460656,-122.411309805654
9,14,"Mike's Catering",37.7810746780754,-122.391705661167
9,14,"Mike's Catering",37.7536799789675,-122.390414532294
9,14,"Mike's Catering",37.7721522432444,-122.387742984116
9,14,"Mike's Catering",37.7696400322177,-122.386236654199
9,16,"The Chai Cart",37.7639337219633,-122.421861628055
9,17,"Linda's Catering",37.7655884727617,-122.464341276529
10,22,"Santana ESG, Inc.",37.7651967350509,-122.416451692902
10,11,"Mang Hang Catering",37.7128718139384,-122.472687037509
10,11,"M M Catering",37.7987787601004,-122.399919687622
10,11,"Kara's Cupcakes",37.7935583358987,-122.397654505859
10,11,"May Catering",37.7370712305056,-122.378155718149
10,11,"May Catering",37.7190820167404,-122.398093320211
10,11,"Munch A Bunch",37.7884553541868,-122.418493877061
10,11,"Mike's Catering",37.7538342401608,-122.389912147781
10,11,"Liang Bai Ping",37.7239376882365,-122.386832585234
10,11,"Munch A Bunch",37.7805621947803,-122.431189105466
10,11,"May Sun Kitchen",37.7762823730273,-122.417645919077
10,11,"Liang Bai Ping",37.7259394852676,-122.388280728611
10,11,"Bach Catering",37.7240189919943,-122.390118463974
10,11,"BH & MT LLC",37.7755007902079,-122.44089299009
10,11,"May Sun Kitchen",37.7708968719166,-122.420303482979
10,11,"F & C Catering",37.7523560542966,-122.388784980412
10,11,"Liang Bai Ping",37.7264916637361,-122.389253644975
10,11,"Munch A Bunch",37.7678503715903,-122.41063025867
10,11,"Mang Hang Catering",37.7895884629627,-122.421183529217
10,11,"Park's Catering",37.7447250168321,-122.386402793857
10,11,"John's Catering #5",37.7741408778527,-122.420350503908
10,11,"John's Catering #5",37.7685079333296,-122.417013921855
10,11,"Bach Catering",37.7266610348631,-122.39900250944
10,11,"Bach Catering",37.7270392647114,-122.400141029645
10,11,"Bach Catering",37.7270977399423,-122.400562638391
10,11,"Bach Catering",37.7378605455249,-122.395960446547
10,11,"May Catering",37.7652922254458,-122.415375651896
10,11,"Liang Bai Ping",37.7269088991548,-122.388709328768
10,11,"May Catering",37.7631162577319,-122.412988853417
10,11,"BH & MT LLC",37.7667124225934,-122.429712749525
10,11,"May Sun Kitchen",37.7497006783758,-122.397932791641
10,11,"D & T Catering",37.7953746521913,-122.433507424647
10,11,"Mang Hang Catering",37.7568964591739,-122.404742854153
10,11,"Golden Catering",37.7111783070436,-122.403573115181
10,11,"Mini Mobile Food Catering",37.7877437884077,-122.394943017483
10,11,"John's Catering #5",37.7724753140911,-122.414688457015
10,11,"Park's Catering",37.7481349335447,-122.402362570049
10,11,"D & T Catering",37.7950473983156,-122.443611961361
10,11,"F & C Catering",37.7541031367651,-122.387962966002
10,11,"D & T Catering",37.7931917077927,-122.443886114646
10,11,"D & T Catering",37.7929258933385,-122.445978398338
10,11,"May Catering",NA,NA
10,11,"Park's Catering",37.7426597692556,-122.385390043533
10,11,"May Catering",37.7739391556487,-122.395594562816
10,11,"D & T Catering",37.7919274798426,-122.446351899572
10,11,"BH & MT LLC",37.7646547537034,-122.425320325481
10,11,"Park's Catering",37.7456828142552,-122.387911761433
10,11,"Mini Mobile Food Catering",37.7741429232436,-122.409095016264
10,11,"Mini Mobile Food Catering",37.7730281135037,-122.3967467627
10,11,"Munch A Bunch",37.7787677332342,-122.42275734107
10,11,"D & T Catering",37.7887517683903,-122.45623065616
10,11,"John's Catering #5",37.7892526344794,-122.395226296171
10,11,"Mini Mobile Food Catering",37.786705596962,-122.392030655401
10,11,"Mang Hang Catering",37.7949843862247,-122.400720442063
10,11,"F & C Catering",37.7745761256077,-122.398261747293
10,11,"May Catering",37.7669552085597,-122.389155218908
10,11,"May Catering",37.7624673931128,-122.411953474682
10,11,"May Catering",37.763052166424,-122.409207143844
10,11,"Park's Catering",37.7421620878271,-122.389107048701
10,11,"Mang Hang Catering",37.7824758824599,-122.392962638578
10,11,"Sun Rise Catering",37.7791347875605,-122.409112429172
10,11,"Steve's Mobile Deli",37.7843370711132,-122.395225723073
10,11,"Linda's Catering",37.7792036135615,-122.398421700749
10,11,"Mang Hang Catering",37.786447007962,-122.40187181337
10,11,"Mini Mobile Food Catering",37.7666322775493,-122.392728509584
10,11,"Sun Rise Catering",37.7756072968774,-122.411404019951
10,11,"May Catering",37.7602511077651,-122.409073157312
10,11,"Mang Hang Catering",37.7842243326515,-122.418244143414
10,11,"Steve's Mobile Deli",37.780188074444,-122.390098985325
10,11,"Mang Hang Catering",37.7882497741491,-122.400004792045
10,11,"F & C Catering",37.7551682208271,-122.392960249597
10,11,"F & C Catering",37.7591086681241,-122.390400000543
10,11,"Liang Bai Ping",37.7267339112889,-122.378972003992
10,11,"Paradise Catering",NA,NA
10,11,"May Catering",37.772039113525,-122.395974631586
10,11,"Mang Hang Catering",37.7683069928,-122.412000336092
10,11,"Natan's Catering",37.764741322675,-122.387124812179
10,11,"Natan's Catering",37.7611829945051,-122.388118704077
10,11,"Natan's Catering",37.7620084580302,-122.385441811568
10,11,"Natan's Catering",37.7583033956425,-122.393514054817
10,11,"Natan's Catering",37.7571245603861,-122.388529515257
10,11,"Natan's Catering",37.7531551067155,-122.391174184456
10,11,"Natan's Catering",37.7533400011811,-122.384128384237
10,11,"Natan's Catering",37.7507607694601,-122.401540291357
10,11,"Natan's Catering",37.7524049924783,-122.387000196298
10,11,"Natan's Catering",37.75023466372,-122.388046499994
10,11,"May Catering",37.7478431533724,-122.394575214957
10,11,"Park's Catering",37.7309061503597,-122.373302577485
10,11,"Natan's Catering",37.7454064294164,-122.390081224847
10,11,"Park's Catering",37.7321349519222,-122.375398078567
10,11,"Park's Catering",37.7263829321822,-122.378434782668
10,11,"Natan's Catering",37.7381177715919,-122.404418467212
10,11,"Natan's Catering",37.740303872806,-122.406059743494
10,11,"Natan's Catering",37.7300036831892,-122.478186325415
10,11,"May Catering",37.7706453983908,-122.3934769372
10,11,"May Catering",37.7740748410583,-122.390668458146
10,11,"Natan's Catering",37.7679955456856,-122.387549426547
10,11,"Natan's Catering",37.7674330173312,-122.392149114172
10,11,"May Catering",37.7655864681473,-122.393197101166
10,11,"Natan's Catering",37.7707029760975,-122.390790355566
10,12,"Quan Catering",37.7864296546035,-122.398069300142
10,12,"Quan Catering",37.7475231528558,-122.387175828519
10,12,"Linda's Catering",37.7831088429738,-122.39355933746
10,12,"Sun Rise Catering",37.7863927555352,-122.395726074077
10,13,"Mini Mobile Food Catering",37.7395767907782,-122.406909482372
10,14,"Tacos El Primo",37.7262979060055,-122.389150144527
10,14,"Munch A Bunch",37.790955058385,-122.432498648221
10,14,"Casey's Pizza, LLC",37.792402122272,-122.401062825164
10,14,"Eva's Catering",37.7228645657946,-122.389692712248
10,14,"Covered Dish Productions, LLC. dba. The Rib Whip",37.7885298177102,-122.396140544185
10,14,"Roadside Rotisserie Corporation / Country Grill",37.7988115687589,-122.399664721789
10,15,"Linda's Catering",37.7773000262759,-122.394812784799
10,15,"Slider Shack, LLC.",37.7892526344794,-122.395226296171
10,15,"Halal Cart, LLC",37.7928878954774,-122.402704171869
10,15,"SF Cart Project",37.7705660724513,-122.390073746001
10,15,"VK Industries, Inc.",37.7891642752786,-122.398430483219
10,15,"Covered Dish Productions, LLC. dba. The Rib Whip",37.7916194086556,-122.392036366449
10,15,"Off the Grid Services, LLC",37.7988115687589,-122.399664721789
10,16,"Tacos El Primo",37.7441222181346,-122.390343286511
10,16,"Off the Grid Services, LLC",37.7825427312556,-122.401906803622
10,16,"Ninja Food Products",37.7944479492361,-122.401337974284
10,18,"El Gallo Jiro",37.754107828202,-122.413168445667
11,12,"Liang Bai Ping",37.7262531942834,-122.382406855227
10,19,"Bacon Bacon",37.7969615325232,-122.399444500759
10,19,"Yummy Hot Dogs",37.783159348747,-122.408942297086
10,20,"Mario's Colombian and Mexican Food",37.7484661020475,-122.415817718047
10,20,"Your Community Foods",37.7328665512493,-122.391511992518
11,12,"Park's Catering",37.7365999870093,-122.377204056226
11,12,"F & C Catering",37.7365999870093,-122.377204056226
11,12,"John's Catering #5",37.7812661735253,-122.425596113366
11,12,"Liang Bai Ping",37.7262238053212,-122.379024844696
11,12,"May Sun Kitchen",37.7640523949866,-122.394139809417
11,12,"May Sun Kitchen",37.7513629596296,-122.390086108654
11,12,"May Sun Kitchen",37.7514511815096,-122.390465773031
11,12,"Liang Bai Ping",37.726685271787,-122.381502925492
11,12,"Liang Bai Ping",37.7269806226365,-122.381785388427
11,12,"Liang Bai Ping",37.7268101667412,-122.385055802573
11,12,"May Sun Kitchen",37.7663593026796,-122.41644564135
11,12,"May Sun Kitchen",37.7522353219293,-122.38975002217
11,12,"Quan Catering",37.7114336729248,-122.393703104382
11,12,"F & C Catering",37.7425490595565,-122.387326932203
11,12,"May Sun Kitchen",37.750453803667,-122.390398059007
11,12,"Mang Hang Catering",37.7811622673542,-122.434852967987
11,12,"May Catering",37.747103654263,-122.398580950956
11,12,"Mike's Catering",37.7496706104363,-122.398431642605
11,12,"May Catering",37.7603214583917,-122.412573240495
11,12,"Two G's Catering",37.7751228745778,-122.394097441849
11,12,"May Catering",37.757106787801,-122.388061294812
11,12,"John's Catering #5",37.7790910539426,-122.44702105228
11,12,"May Catering",37.7541031367651,-122.387962966002
11,12,"May Sun Kitchen",37.751548491531,-122.387718127295
11,12,"May Sun Kitchen",37.7496175291101,-122.387588501326
11,12,"May Catering",37.749182132016,-122.414871846056
11,12,"May Sun Kitchen",37.748203685056,-122.387245352135
11,12,"Mang Hang Catering",37.7482822297931,-122.415908342523
11,12,"May Sun Kitchen",37.7475231528558,-122.387175828519
11,12,"Quan Catering",37.7457950012142,-122.387010722473
11,12,"Mini Mobile Food Catering",37.7873303235077,-122.392859291165
11,12,"Bach Catering",37.7936702903518,-122.401180084353
11,12,"Mini Mobile Food Catering",37.7873606094505,-122.392701953926
11,12,"Steve's Mobile Deli",37.7861254592402,-122.393107088067
11,12,"Quan Catering",37.787379499857,-122.391182442661
11,12,"Kara's Cupcakes",37.7892526344794,-122.395226296171
11,12,"BH & MT LLC",37.7555197319435,-122.384999937383
11,12,"Steve's Mobile Deli",37.7796723277022,-122.396946995316
11,12,"Steve's Mobile Deli",37.7887067092358,-122.395892291496
11,12,"John's Catering #5",37.7781283797338,-122.418652129997
11,12,"Steve's Mobile Deli",37.7821634269963,-122.398858175825
11,12,"Fins on the Hoof / Saveurs",37.7885298177102,-122.396140544185
11,12,"Mang Hang Catering",37.7767220798015,-122.446585903135
11,12,"Quan Catering",37.7442960182807,-122.395807199913
11,12,"Steve's Mobile Deli",37.7880673613338,-122.396529337443
11,12,"Mang Hang Catering",37.7824758824599,-122.392962638578
11,12,"Golden Catering",37.7348787351337,-122.415531470861
11,12,"May Catering",37.7599819816022,-122.413769206324
11,12,"Mang Hang Catering",37.7610350136584,-122.421584017938
11,12,"Steve's Mobile Deli",37.779488829411,-122.389190496856
11,12,"Liang Bai Ping",37.727181952082,-122.378928760296
11,12,"Liang Bai Ping",37.789691367587,-122.396595637084
11,12,"Park's Catering",37.7309061503597,-122.373302577485
11,12,"Park's Catering",37.7321349519222,-122.375398078567
11,12,"Park's Catering",37.7263829321822,-122.378434782668
11,13,"Mike's Catering",37.7667867792956,-122.388078331989
11,13,"Mike's Catering",37.7719979905519,-122.388695736053
11,13,"Mike's Catering",37.7973946460656,-122.411309805654
11,13,"Mike's Catering",37.7810746780754,-122.391705661167
11,13,"Mike's Catering",37.7536799789675,-122.390414532294
11,13,"Mike's Catering",37.7721522432444,-122.387742984116
11,13,"Mike's Catering",37.7696400322177,-122.386236654199
11,14,"San Francisco Soup Company",37.8014363500768,-122.401696102296
11,14,"Senor Sisig",37.7876871932612,-122.399490236599
11,14,"JapaCurry",37.792274296118,-122.401036872913
11,14,"John's Catering #5",37.7731540275458,-122.452684612088
11,14,"Curry Up Now",37.7910703986756,-122.401145196973
11,14,"Senor Sisig",37.7921599140391,-122.40096522707
11,14,"Senor Sisig",37.7763241441394,-122.417326413733
11,15,"Tacos Rodriguez",37.7902665460329,-122.400629258559
11,15,"Santana ESG, Inc.",37.7902665460329,-122.400629258559
11,15,"Sanguchon",37.7924617059078,-122.394062679127
11,15,"BH & MT LLC",37.7705678488858,-122.420273262356
11,15,"Sanguchon",37.7928465951332,-122.402366496939
11,16,"Smokin Warehouse Barbecue",37.7714031279036,-122.419391457507
11,18,"Subs on Hubs",37.7708913228568,-122.40603508975
0,5,"M M Catering",37.7508581374316,-122.394102374471
12,22,"Linda's Catering",37.777844286068,-122.394123606062
12,13,"Mang Hang Catering",37.7128718139384,-122.472687037509
12,13,"Kara's Cupcakes",37.7935583358987,-122.397654505859
12,13,"Singh Brothers Ice Cream",37.7187638807592,-122.390579577708
12,13,"May Catering",37.7664794033031,-122.396987155992
12,13,"May Sun Kitchen",37.7527217661049,-122.392725753817
12,13,"May Catering",37.7193678479621,-122.398371361923
12,13,"Mang Hang Catering",37.7789072614613,-122.411420115933
12,13,"D & T Catering",37.8033613224352,-122.424123509274
12,13,"Singh Brothers Ice Cream",37.7207115524695,-122.395916084904
12,13,"Liang Bai Ping",37.7263696196635,-122.384041765309
12,13,"May Sun Kitchen",37.757534443698,-122.394141190871
12,13,"Munch A Bunch",37.7805621947803,-122.431189105466
12,13,"Liang Bai Ping",37.7267728572176,-122.388073576343
12,13,"Liang Bai Ping",37.7251110717256,-122.388484554934
12,13,"Liang Bai Ping",37.7239657282687,-122.389786723376
12,13,"Steve's Mobile Deli",37.7789161780122,-122.390426395944
12,13,"Park's Catering",37.7447250168321,-122.386402793857
12,13,"Park's Catering",37.7446858481632,-122.386571458803
12,13,"Natan's Catering",37.745078648302,-122.392261844141
12,13,"May Sun Kitchen",37.7639151913093,-122.388942967508
12,13,"May Catering",37.7628501796944,-122.412966144746
12,13,"John's Catering #5",37.7597465483315,-122.409865798217
12,13,"Park's Catering",37.7456251136816,-122.391799229195
12,13,"Liang Bai Ping",37.7822802514051,-122.44098487304
12,13,"May Catering",37.7656006287902,-122.411489324943
12,13,"May Catering",37.749338052069,-122.402065734207
12,13,"F & C Catering",37.7529521222808,-122.387906207247
12,13,"Singh Brothers Ice Cream",37.7169690643397,-122.389355637131
12,13,"May Catering",NA,NA
12,13,"John's Catering #5",37.7899443832691,-122.394351318954
12,13,"May Catering",37.7638595783282,-122.413657854194
12,13,"May Catering",37.754221311947,-122.413113305952
12,13,"Mini Mobile Food Catering",37.7730281135037,-122.3967467627
12,13,"M M Catering",37.7641509499715,-122.412358791534
12,13,"Natan's Catering",37.7332557262018,-122.413998779197
12,13,"John's Catering #5",37.7892526344794,-122.395226296171
12,13,"Mang Hang Catering",37.7949843862247,-122.400720442063
12,13,"M M Catering",37.7932429688316,-122.394845565197
12,13,"Quan Catering",37.7936404099575,-122.397010347778
12,13,"May Sun Kitchen",37.8047323091815,-122.413488050797
12,13,"May Catering",37.763052166424,-122.409207143844
12,13,"May Catering",37.7637507401569,-122.390705976388
12,13,"Natan's Catering",37.7592948961276,-122.39611224788
12,13,"Natan's Catering",37.7668538737285,-122.390858284639
12,13,"May Sun Kitchen",37.764203655834,-122.389875569211
12,13,"May Sun Kitchen",37.7637290705316,-122.389871672284
12,13,"Mang Hang Catering",37.786447007962,-122.40187181337
12,13,"F & C Catering",37.7529994593435,-122.385879718429
12,13,"May Sun Kitchen",37.7575700580023,-122.393184466145
12,13,"Mini Mobile Food Catering",37.7666322775493,-122.392728509584
12,13,"Steve's Mobile Deli",37.780188074444,-122.390098985325
12,13,"Singh Brothers Ice Cream",37.7162121435373,-122.389968007493
12,13,"Mang Hang Catering",37.7882497741491,-122.400004792045
12,13,"Mike's Catering",37.7973946460656,-122.411309805654
12,13,"Natan's Catering",37.7782015384395,-122.402992686912
12,13,"May Sun Kitchen",37.7584408101697,-122.391167953092
12,13,"F & C Catering",NA,NA
12,13,"Mike's Catering",37.7810746780754,-122.391705661167
12,13,"May Catering",37.772039113525,-122.395974631586
12,13,"Mang Hang Catering",37.7683069928,-122.412000336092
12,13,"Natan's Catering",37.764741322675,-122.387124812179
12,13,"Natan's Catering",37.7620084580302,-122.385441811568
12,13,"Natan's Catering",37.7611829945051,-122.388118704077
12,13,"Natan's Catering",37.7583033956425,-122.393514054817
12,13,"Natan's Catering",37.7571245603861,-122.388529515257
12,13,"Natan's Catering",37.7531551067155,-122.391174184456
12,13,"Mike's Catering",37.7536799789675,-122.390414532294
12,13,"Natan's Catering",37.7533400011811,-122.384128384237
12,13,"Natan's Catering",37.7507607694601,-122.401540291357
12,13,"Natan's Catering",37.7524049924783,-122.387000196298
12,13,"Natan's Catering",37.75023466372,-122.388046499994
12,13,"May Catering",37.7478431533724,-122.394575214957
12,13,"Natan's Catering",37.7454064294164,-122.390081224847
12,13,"Natan's Catering",37.7381177715919,-122.404418467212
12,13,"Natan's Catering",37.740303872806,-122.406059743494
12,13,"Natan's Catering",37.7300036831892,-122.478186325415
12,13,"May Catering",37.7706453983908,-122.3934769372
12,13,"May Catering",37.7740748410583,-122.390668458146
12,13,"Mike's Catering",37.7721522432444,-122.387742984116
12,13,"Natan's Catering",37.7679955456856,-122.387549426547
12,13,"Natan's Catering",37.7674330173312,-122.392149114172
12,13,"Mike's Catering",37.7696400322177,-122.386236654199
12,13,"May Catering",37.7655864681473,-122.393197101166
12,13,"Natan's Catering",37.7707029760975,-122.390790355566
12,14,"Sun Rise Catering",37.7863927555352,-122.395726074077
12,14,"Two G's Catering",37.7713720013329,-122.405422020146
12,16,"Fins on the Hoof / Saveurs",37.7811636144171,-122.39303923437
12,17,"VK Industries, Inc.",37.7815623541021,-122.391624958655
13,14,"May Catering",37.7664794033031,-122.396987155992
13,14,"Singh Brothers Ice Cream",37.7194447104044,-122.396779269073
13,14,"Mang Hang Catering",37.7547401744411,-122.39000416543
13,14,"Mike's Catering",37.7538342401608,-122.389912147781
13,14,"Singh Brothers Ice Cream",37.7229710660157,-122.391616677859
13,14,"Singh Brothers Ice Cream",37.7252506712014,-122.392050803801
13,14,"Sun Rise Catering",37.7907890558203,-122.402273431333
13,14,"Sun Rise Catering",37.7863630776208,-122.399264358097
13,14,"May Catering",37.7496104682221,-122.399429343357
13,14,"Mike's Catering",37.7985576514587,-122.401662259543
13,14,"Natan's Catering",37.7633319911646,-122.420235403432
13,14,"Singh Brothers Ice Cream",37.7186827082609,-122.396304347601
13,14,"Kara's Cupcakes",37.7890402978513,-122.398391248497
13,14,"May Catering",NA,NA
13,14,"May Catering",37.772039113525,-122.395974631586
13,14,"May Catering",37.7478431533724,-122.394575214957
13,14,"May Catering",37.7706453983908,-122.3934769372
13,14,"May Catering",37.7740748410583,-122.390668458146
13,14,"May Catering",37.7655864681473,-122.393197101166
13,15,"Liang Bai Ping",37.7736321199408,-122.44051423368
14,15,"May Catering",37.7683111651865,-122.40787860481
14,15,"Singh Brothers Ice Cream",37.72866509729,-122.381660626351
14,15,"Singh Brothers Ice Cream",37.7200437918897,-122.389545147791
14,15,"Singh Brothers Ice Cream",37.7250092583289,-122.388305168263
14,15,"Singh Brothers Ice Cream",37.7270006086593,-122.390150411037
14,15,"Mang Hang Catering",37.7447250168321,-122.386402793857
14,15,"Mang Hang Catering",37.7455632746854,-122.391200700942
14,15,"May Catering",37.7653883456078,-122.39977571028
14,15,"May Catering",37.747103654263,-122.398580950956
14,15,"John's Catering #5",37.7679905171377,-122.413407603967
14,15,"Curry Up Now",37.796984468437,-122.397015212071
14,15,"Kara's Cupcakes",37.7892526344794,-122.395226296171
14,15,"May Catering",37.763052166424,-122.409207143844
14,15,"May Catering",37.7591086681241,-122.390400000543
15,16,"Kara's Cupcakes",37.7935583358987,-122.397654505859
15,16,"Singh Brothers Ice Cream",37.7277673630583,-122.381744176999
15,16,"Singh Brothers Ice Cream",37.7268465488127,-122.383452238716
15,16,"May Catering",37.7693786950827,-122.410988658263
15,16,"May Catering",37.7482492881932,-122.396524546777
15,16,"Singh Brothers Ice Cream",37.7269088991548,-122.388709328768
15,16,"John's Catering #5",37.7724753140911,-122.414688457015
15,16,"Singh Brothers Ice Cream",37.7333335390711,-122.379771076719
15,16,"Natan's Catering",37.764741322675,-122.387124812179
15,16,"Natan's Catering",37.7620084580302,-122.385441811568
15,16,"Natan's Catering",37.7611829945051,-122.388118704077
15,16,"Natan's Catering",37.7583033956425,-122.393514054817
15,16,"Natan's Catering",37.7571245603861,-122.388529515257
15,16,"Natan's Catering",37.7531551067155,-122.391174184456
15,16,"Natan's Catering",37.7533400011811,-122.384128384237
15,16,"Natan's Catering",37.7507607694601,-122.401540291357
15,16,"Natan's Catering",37.7524049924783,-122.387000196298
15,16,"Natan's Catering",37.75023466372,-122.388046499994
15,16,"Natan's Catering",37.7454064294164,-122.390081224847
15,16,"Natan's Catering",37.7381177715919,-122.404418467212
15,16,"Natan's Catering",37.740303872806,-122.406059743494
15,16,"Natan's Catering",37.7300036831892,-122.478186325415
15,16,"Natan's Catering",37.7679955456856,-122.387549426547
15,16,"Natan's Catering",37.7674330173312,-122.392149114172
15,16,"Natan's Catering",37.7707029760975,-122.390790355566
15,18,"M M Catering",37.7508581374316,-122.394102374471
4,5,"Eva's Catering",37.7773091349679,-122.399781433622
16,22,"Tacos El Primo",37.7684852443803,-122.415678229807
16,22,"Tacos El Primo",37.7301361101663,-122.399162749749
16,17,"Singh Brothers Ice Cream",37.7305466419334,-122.382317604257
16,17,"May Catering",37.7244499679315,-122.393984693201
16,17,"Singh Brothers Ice Cream",37.7392408053026,-122.391734313508
16,17,"Singh Brothers Ice Cream",37.7299854741476,-122.376954714967
16,17,"Singh Brothers Ice Cream",37.7103860077608,-122.396464771663
16,17,"Kara's Cupcakes",37.7892526344794,-122.395226296171
16,17,"Natan's Catering",37.7686648241945,-122.407903224274
5,6,"Park's Catering",37.7508581374316,-122.394102374471
5,6,"Munch A Bunch",37.7646466688009,-122.405701430585
5,6,"John's Catering #5",37.786705596962,-122.392030655401
5,6,"Liang Bai Ping",37.727181952082,-122.378928760296
5,6,"Liang Bai Ping",37.789691367587,-122.396595637084
5,7,"Eva's Catering",37.7760481690018,-122.399511651401
17,23,"Del Popolo, LLC.",37.7630433072676,-122.410942976716
17,18,"Kara's Cupcakes",37.7796402072113,-122.390153758805
17,18,"M M Catering",37.7529330108826,-122.38674649469
17,18,"Singh Brothers Ice Cream",37.7110500071211,-122.39934738525
6,10,"Expresso Subito, LLC.",37.7881858902879,-122.400119980486
6,22,"San Pancho's Tacos",37.7395767907782,-122.406909482372
6,7,"Steve's Mobile Deli",37.779488829411,-122.389190496856
6,15,"Philz Coffee Truck",37.7920514593666,-122.400943208625
6,17,"Expresso Subito, LLC.",37.7934866365953,-122.398217219171
6,18,"Philz Coffee Truck",37.7958384844379,-122.40344930127
6,7,"Liang Bai Ping",37.7270036160148,-122.380330046337
6,7,"Two G's Catering",37.7669505236804,-122.389017531712
6,7,"Sun Rise Catering",37.7892862133639,-122.395117913536
6,7,"Two G's Catering",37.7756956924416,-122.393372938554
6,7,"May Catering",37.7495503175618,-122.400427042494
6,7,"Liang Bai Ping",37.7886109721909,-122.39272561329
6,7,"John's Catering #5",37.7899443832691,-122.394351318954
6,7,"Steve's Mobile Deli",37.7861254592402,-122.393107088067
6,7,"John's Catering #5",37.7892526344794,-122.395226296171
6,7,"Steve's Mobile Deli",37.7821634269963,-122.398858175825
6,7,"Mang Hang Catering",37.7767220798015,-122.446585903135
6,7,"Mang Hang Catering",37.7884519937144,-122.396042848565
6,7,"John's Catering #5",37.788837572632,-122.398844308239
6,7,"Natan's Catering",37.764741322675,-122.387124812179
6,7,"Natan's Catering",37.7620084580302,-122.385441811568
6,7,"Natan's Catering",37.7611829945051,-122.388118704077
6,7,"Natan's Catering",37.7583033956425,-122.393514054817
6,7,"Natan's Catering",37.7571245603861,-122.388529515257
6,7,"Natan's Catering",37.7531551067155,-122.391174184456
6,7,"Natan's Catering",37.7533400011811,-122.384128384237
6,7,"Natan's Catering",37.7507607694601,-122.401540291357
6,7,"Natan's Catering",37.7524049924783,-122.387000196298
6,7,"Natan's Catering",37.75023466372,-122.388046499994
6,7,"Park's Catering",37.7309061503597,-122.373302577485
6,7,"Natan's Catering",37.7454064294164,-122.390081224847
6,7,"Park's Catering",37.7321349519222,-122.375398078567
6,7,"Park's Catering",37.7263829321822,-122.378434782668
6,7,"Natan's Catering",37.7381177715919,-122.404418467212
6,7,"Natan's Catering",37.740303872806,-122.406059743494
6,7,"Natan's Catering",37.7300036831892,-122.478186325415
6,7,"Natan's Catering",37.7679955456856,-122.387549426547
6,7,"Natan's Catering",37.7674330173312,-122.392149114172
6,7,"Natan's Catering",37.7707029760975,-122.390790355566
6,8,"Park's Catering",37.7494702507258,-122.399927745604
6,8,"Bach Catering",37.7936702903518,-122.401180084353
6,8,"Mini Mobile Food Catering",37.7685570713121,-122.409610236298
6,8,"Mini Mobile Food Catering",37.7489503634271,-122.401493189708
6,20,"Cheese Gone Wild",37.7921506197448,-122.422766002651
6,20,"Cupkates Bakery, LLC",37.7902968553308,-122.398342832467
6,9,"BH & MT LLC",37.7705678488858,-122.420273262356
6,9,"F & C Catering",37.7529521222808,-122.387906207247
18,19,"M M Catering",37.7563445984444,-122.390971246958
18,19,"May Catering",37.7760385105764,-122.392939332071
18,19,"M M Catering",37.7553805997368,-122.388085445297
18,19,"May Catering",37.7908392304258,-122.396308779248
18,20,"M M Catering",37.7732001359429,-122.422286181031
18,20,"Subs on Hubs",37.7714019465879,-122.391771646847
7,15,"Rita's Catering",37.7804847729229,-122.409422685735
7,16,"Mr. Nice, LLC",37.7672981863691,-122.40314102991
7,18,"GOZA GOZA TACO",37.7755480242469,-122.41857338597
7,18,"Tacos El Flaco",37.7528366269157,-122.387671153653
7,18,"Giant Burrito",37.7421405864675,-122.405736586446
7,19,"Linda's Catering",37.778714701469,-122.438629528705
7,8,"Mang Hang Catering",37.7128718139384,-122.472687037509
7,8,"Liang Bai Ping",37.7267855242624,-122.381679547488
7,8,"Liang Bai Ping",37.7239376882365,-122.386832585234
7,8,"May Sun Kitchen",37.7216250971345,-122.389245172961
7,8,"May Sun Kitchen",37.7231318599658,-122.389994696076
7,8,"Liang Bai Ping",37.7250092583289,-122.388305168263
7,8,"Liang Bai Ping",37.7235928942816,-122.391044912211
7,8,"Park's Catering",37.7447250168321,-122.386402793857
7,8,"Park's Catering",37.7446858481632,-122.386571458803
7,8,"Steve's Mobile Deli",37.7746102279804,-122.399580294284
7,8,"Park's Catering",37.745078648302,-122.392261844141
7,8,"Liang Bai Ping",37.7893098361337,-122.391835412441
7,8,"May Sun Kitchen",37.7632543608742,-122.388619641722
7,8,"Mike's Catering",37.7494702507258,-122.399927745604
7,8,"May Catering",37.7481349335447,-122.402362570049
7,8,"Steve's Mobile Deli",37.784484336939,-122.387832661816
7,8,"May Sun Kitchen",37.72727724475,-122.399160735119
7,8,"Steve's Mobile Deli",37.7917627624843,-122.391253645033
7,8,"Quan Catering",37.7475231528558,-122.387175828519
7,8,"M M Catering",37.7641509499715,-122.412358791534
7,8,"Munch A Bunch",37.7638394608477,-122.456786975662
7,8,"Mang Hang Catering",37.7949843862247,-122.400720442063
7,8,"M M Catering",37.7932429688316,-122.394845565197
7,8,"Mang Hang Catering",37.7824758824599,-122.392962638578
7,8,"John's Catering #5",37.7926668973726,-122.403785280289
7,8,"May Catering",37.7434105891903,-122.399437875192
7,8,"Mang Hang Catering",37.786447007962,-122.40187181337
7,8,"Steve's Mobile Deli",37.780188074444,-122.390098985325
7,8,"Mang Hang Catering",37.7882497741491,-122.400004792045
7,8,"Mike's Catering",37.7973946460656,-122.411309805654
7,8,"Mike's Catering",37.7810746780754,-122.391705661167
7,8,"Mang Hang Catering",37.7683069928,-122.412000336092
7,8,"Mike's Catering",37.7536799789675,-122.390414532294
7,8,"Mike's Catering",37.7721522432444,-122.387742984116
7,8,"Mike's Catering",37.7696400322177,-122.386236654199
7,20,"BHUK Burger",37.7234846045488,-122.45240493053
7,9,"Sun Rise Catering",37.7902665460329,-122.400629258559
7,9,"Mike's Catering",37.750453803667,-122.390398059007
7,9,"Two G's Catering",37.791985742424,-122.396954967384
7,9,"M M Catering",37.7925969434076,-122.394082089231
19,20,"May Catering",37.7112306563304,-122.393719654607
19,20,"M M Catering",37.7665109269083,-122.40926014493
19,20,"Natan's Catering",37.764741322675,-122.387124812179
19,20,"Natan's Catering",37.7620084580302,-122.385441811568
19,20,"Natan's Catering",37.7611829945051,-122.388118704077
19,20,"Natan's Catering",37.7583033956425,-122.393514054817
19,20,"Natan's Catering",37.7571245603861,-122.388529515257
19,20,"Natan's Catering",37.7531551067155,-122.391174184456
19,20,"Natan's Catering",37.7533400011811,-122.384128384237
19,20,"Natan's Catering",37.7507607694601,-122.401540291357
19,20,"Natan's Catering",37.7524049924783,-122.387000196298
19,20,"Natan's Catering",37.75023466372,-122.388046499994
19,20,"Natan's Catering",37.7454064294164,-122.390081224847
19,20,"Natan's Catering",37.7381177715919,-122.404418467212
19,20,"Natan's Catering",37.740303872806,-122.406059743494
19,20,"Natan's Catering",37.7300036831892,-122.478186325415
19,20,"Natan's Catering",37.7679955456856,-122.387549426547
19,20,"Natan's Catering",37.7674330173312,-122.392149114172
19,20,"Natan's Catering",37.7707029760975,-122.390790355566
8,10,"F & C Catering",37.7365999870093,-122.377204056226
8,10,"Eva's Catering",37.7524774154426,-122.475310777243
8,10,"F & C Catering",37.7523560542966,-122.388784980412
8,10,"Park's Catering",37.7444352289816,-122.386131058867
8,22,"Spice Affairs",37.7934449871815,-122.399937065528
8,15,"Del Popolo, LLC.",37.7760594746736,-122.418276719335
8,15,"Tres Agaves Mexican Kitchen & Tequila Lounge LLC. dba Tres Truck",37.7660398739183,-122.402612313172
8,15,"Faith Sandwich",37.788837572632,-122.398844308239
8,9,"Liang Bai Ping",37.7274881970986,-122.387914926192
8,15,"Tres Agaves Mexican Kitchen & Tequila Lounge LLC. dba Tres Truck",37.792987967452,-122.394721470128
8,15,"Off the Grid Services, LLC",37.7756456857724,-122.397696734316
8,16,"The Chai Cart",37.7904940956493,-122.399633341677
8,16,"Bicycle Coffee",37.7943456781451,-122.402466115735
8,16,"Del Popolo, LLC.",37.7969615325232,-122.399444500759
8,17,"Tacos Rodriguez",37.7409748262265,-122.40145941404
8,17,"The Sandwich Stand, LLC.",37.7923326412243,-122.395649033197
8,18,"Sausage Slinger",37.7873993943959,-122.400537350539
8,19,"Creme Brulee To Go",37.7849061488879,-122.407072991554
8,8,"Quan Catering",37.7442960182807,-122.395807199913
8,9,"Park's Catering",37.7437519273424,-122.403462463841
8,9,"May Catering",37.7592586029513,-122.387508486641
8,9,"John's Catering #5",37.7812661735253,-122.425596113366
8,9,"Liang Bai Ping",37.7259883627294,-122.38194028065
8,9,"Two G's Catering",37.7527461109262,-122.390220649566
8,9,"Liang Bai Ping",37.7260001319965,-122.383390817067
8,9,"Sun Rise Catering",37.7750209861951,-122.413222349168
8,9,"May Sun Kitchen",37.7231692072554,-122.38697483362
8,9,"May Sun Kitchen",37.7818065268172,-122.429790840366
8,9,"Liang Bai Ping",37.7267728572176,-122.388073576343
8,9,"May Sun Kitchen",37.7522353219293,-122.38975002217
8,9,"DO UC US Mobile Catering",37.7697377914123,-122.389256662556
8,9,"Natan's Catering",37.7427783617572,-122.383666155366
8,9,"Liang Bai Ping",37.7256013829105,-122.38141316378
8,9,"Liang Bai Ping",37.7250799567856,-122.391987897132
8,9,"Natan's Catering",37.7448503261018,-122.386622994805
8,9,"Park's Catering",37.7462754843591,-122.392447441505
8,9,"Mini Mobile Food Catering",37.7697486159216,-122.415593736173
8,9,"Quan Catering",37.767519417299,-122.412539656202
8,9,"Park's Catering",37.7474780240452,-122.396175096381
8,9,"May Sun Kitchen",37.763898172112,-122.393787763456
8,9,"Quan Catering",37.729095881394,-122.392369958155
8,9,"Quan Catering",37.7496766241873,-122.398331872465
8,9,"Park's Catering",37.7456251136816,-122.391799229195
8,9,"May Catering",37.7455819612317,-122.401251043957
8,9,"Park's Catering",37.7465113997359,-122.400554729715
8,9,"John's Catering #5",37.7631791971676,-122.408323348249
8,9,"D & T Catering",37.7953974901072,-122.441735157542
8,9,"D & T Catering",37.7962643276235,-122.442407924953
8,9,"D & T Catering",37.7950829637594,-122.440073143561
8,9,"D & T Catering",37.7948472365487,-122.446058770817
8,9,"Mang Hang Catering",37.7482822297931,-122.415908342523
8,9,"Quan Catering",37.7457950012142,-122.387010722473
8,9,"Munch A Bunch",37.7760883582323,-122.406918921639
8,9,"Two G's Catering",37.773290145792,-122.399889902821
8,9,"Steve's Mobile Deli",37.7880673613338,-122.396529337443
8,9,"Linda's Catering",37.7792036135615,-122.398421700749
8,9,"Sun Rise Catering",37.7701386094072,-122.403875074853
8,9,"May Sun Kitchen",37.7618425082863,-122.389690061404
8,9,"May Sun Kitchen",37.7615052674833,-122.389518714761
8,9,"Two G's Catering",37.7725616893359,-122.404474023931
8,9,"May Catering",37.7591086681241,-122.390400000543
8,9,"Two G's Catering",37.7734404634488,-122.405556607063
8,9,"Two G's Catering",37.772965881143,-122.406510236721
8,9,"Two G's Catering",37.7581452995887,-122.391140229024
8,9,"May Sun Kitchen",37.7578416291379,-122.391250489057
8,9,"Mini Mobile Food Catering",37.7685570713121,-122.409610236298
8,9,"Natan's Catering",37.764741322675,-122.387124812179
8,9,"Natan's Catering",37.7620084580302,-122.385441811568
8,9,"Natan's Catering",37.7611829945051,-122.388118704077
8,9,"Natan's Catering",37.7583033956425,-122.393514054817
8,9,"Natan's Catering",37.7571245603861,-122.388529515257
8,9,"Natan's Catering",37.7531551067155,-122.391174184456
8,9,"Natan's Catering",37.7533400011811,-122.384128384237
8,9,"Natan's Catering",37.7507607694601,-122.401540291357
8,9,"Natan's Catering",37.7524049924783,-122.387000196298
8,9,"Natan's Catering",37.75023466372,-122.388046499994
8,9,"Mini Mobile Food Catering",37.7489503634271,-122.401493189708
8,9,"Natan's Catering",37.7454064294164,-122.390081224847
8,9,"Natan's Catering",37.7381177715919,-122.404418467212
8,9,"Natan's Catering",37.740303872806,-122.406059743494
8,9,"Natan's Catering",37.7300036831892,-122.478186325415
8,9,"Natan's Catering",37.7679955456856,-122.387549426547
8,9,"Natan's Catering",37.7674330173312,-122.392149114172
8,9,"Natan's Catering",37.7707029760975,-122.390790355566
20,21,"M M Catering",37.7641509499715,-122.412358791534
20,21,"M M Catering",37.7856640823991,-122.399568868889
20,21,"M M Catering",37.7867316299939,-122.401315378613
20,21,"May Catering",37.7746861812322,-122.415473420734
9,10,"Steve's Mobile Deli",37.7683808413349,-122.406725948569
9,10,"May Catering",37.7193678479621,-122.398371361923
9,10,"Sun Rise Catering",37.7774339476738,-122.410171696902
9,10,"Sun Rise Catering",37.7758691440212,-122.409050269203
9,10,"May Catering",37.7529617064123,-122.406401730502
9,10,"Liang Bai Ping",37.7263696196635,-122.384041765309
9,10,"BH & MT LLC",37.7759468088778,-122.437383577606
9,10,"F & C Catering",37.7543346885192,-122.389824170428
9,10,"Quan Catering",37.7500640921275,-122.39046456696
9,10,"May Catering",37.7638778647129,-122.460878237733
9,10,"May Sun Kitchen",37.7809559961514,-122.401314818991
9,10,"Liang Bai Ping",37.7263381578801,-122.387543034105
9,10,"Liang Bai Ping",37.7271017536177,-122.387234037178
9,10,"DO UC US Mobile Catering",37.7703531653561,-122.39120602229
9,10,"Liang Bai Ping",37.7239657282687,-122.389786723376
9,10,"Steve's Mobile Deli",37.7789161780122,-122.390426395944
9,10,"Liang Bai Ping",37.7228143678148,-122.391102685187
9,10,"Liang Bai Ping",37.7241695078863,-122.390145774514
9,10,"Mini Mobile Food Catering",37.789903983243,-122.395893039607
9,10,"Bach Catering",37.7255714777643,-122.38953365883
9,10,"Sun Rise Catering",37.7781942040045,-122.407532192783
9,10,"Quan Catering",37.7114336729248,-122.393703104382
9,10,"Sun Rise Catering",37.7727665384005,-122.415852355068
9,10,"Park's Catering",37.7446858481632,-122.386571458803
9,10,"Sun Rise Catering",37.7753407062288,-122.407045641377
9,10,"Two G's Catering",37.7453520187473,-122.402789774322
9,10,"Sun Rise Catering",37.7752807253938,-122.4069693457
9,10,"May Sun Kitchen",37.7690273253983,-122.415681626119
9,10,"Bach Catering",37.7286139518831,-122.394644631904
9,10,"May Catering",37.747103654263,-122.398580950956
9,10,"John's Catering #5",37.7806703489639,-122.419953009575
9,10,"Paradise Catering",37.7873695778759,-122.395351492031
9,10,"Park's Catering",37.747071424905,-122.398898846675
9,10,"John's Catering #5",37.7655925448088,-122.389099860237
9,10,"John's Catering #5",37.7651379061087,-122.413151147372
9,10,"May Catering",37.7438755165846,-122.424677921084
9,10,"Park's Catering",37.7424889551109,-122.384222090489
9,10,"Two G's Catering",37.7751228745778,-122.394097441849
9,10,"Bach Catering",37.7326781090824,-122.40582138651
9,10,"Mike's Catering",37.7985576514587,-122.401662259543
9,10,"May Catering",37.749338052069,-122.402065734207
9,10,"D & T Catering",37.7929193472494,-122.439775822366
9,10,"Quan Catering",37.7095211282262,-122.404617048658
9,10,"D & T Catering",37.7934640760336,-122.441741922613
9,10,"Steve's Mobile Deli",37.7917627624843,-122.391253645033
9,10,"Quan Catering",37.7525527576463,-122.387867927348
9,10,"D & T Catering",37.79226517009,-122.443698807802
9,10,"D & T Catering",37.792945427344,-122.445824652024
9,10,"May Catering",37.754283115204,-122.412085299034
9,10,"May Sun Kitchen",37.7496175291101,-122.387588501326
9,10,"May Catering",37.7494236208571,-122.412708236432
9,10,"Park's Catering",37.7426493577383,-122.385861558324
9,10,"Munch A Bunch",37.770650436068,-122.414292737958
9,10,"Mini Mobile Food Catering",37.7873303235077,-122.392859291165
9,10,"Sun Rise Catering",37.7646370033035,-122.413445537287
9,10,"Mini Mobile Food Catering",37.7712263375524,-122.413130084838
9,10,"F & C Catering",37.7809034942283,-122.39317222474
9,10,"Mini Mobile Food Catering",37.7873606094505,-122.392701953926
9,10,"D & T Catering",37.7894648407093,-122.451505512466
9,10,"D & T Catering",37.789705500958,-122.456713643019
9,10,"May Sun Kitchen",37.7717288754541,-122.411563857806
9,10,"May Catering",37.764451962648,-122.412387323606
9,10,"Park's Catering",37.7426943341286,-122.387850525875
9,10,"Steve's Mobile Deli",37.7809744769695,-122.399942924764
9,10,"M M Catering",37.7641509499715,-122.412358791534
9,10,"Mini Mobile Food Catering",37.7719465886426,-122.398310611973
9,10,"Mike's Catering",37.7555059783625,-122.385220879126
9,10,"Natan's Catering",37.7592948961276,-122.39611224788
9,10,"Bach Catering",37.7270052686849,-122.393638715681
9,10,"Paradise Catering",37.7846912153683,-122.39458113071
9,10,"Mang Hang Catering",37.7758232844754,-122.446527752912
9,10,"Steve's Mobile Deli",37.7843370711132,-122.395225723073
9,10,"May Catering",37.7643370228902,-122.387982140365
9,10,"May Sun Kitchen",37.755438822485,-122.386299593481
9,10,"May Sun Kitchen",37.764203655834,-122.389875569211
9,10,"John's Catering #5",37.7763857241625,-122.399084594728
9,10,"May Catering",37.7615303938319,-122.409198245189
9,10,"May Catering",37.7599819816022,-122.413769206324
9,10,"Sun Rise Catering",37.7777290650886,-122.410905331989
9,10,"May Sun Kitchen",37.7637290705316,-122.389871672284
9,10,"May Sun Kitchen",37.7583041058491,-122.395215975869
9,10,"Quan Catering",37.7787288086546,-122.399022720471
9,10,"Sun Rise Catering",37.760780278477,-122.407206690641
9,10,"May Sun Kitchen",37.7575700580023,-122.393184466145
9,10,"Two G's Catering",37.729483926788,-122.394571014085
9,10,"Quan Catering",37.7744110410018,-122.401582774174
9,10,"Bach Catering",37.7394046148963,-122.401386698396
9,10,"May Catering",37.7641009359961,-122.391543378852
9,10,"Steve's Mobile Deli",37.7866777205543,-122.397372166403
9,10,"F & C Catering",37.7704529501655,-122.400042655595
9,10,"Liang Bai Ping",37.7267339112889,-122.378972003992
9,10,"BH & MT LLC",37.7829994444845,-122.445997086089
9,10,"May Catering",NA,NA
9,10,"May Catering",37.772039113525,-122.395974631586
9,10,"May Catering",37.7478431533724,-122.394575214957
9,10,"May Catering",37.7706453983908,-122.3934769372
9,10,"May Catering",37.7740748410583,-122.390668458146
9,10,"May Catering",37.7655864681473,-122.393197101166
9,11,"Natan's Catering",37.76833824373,-122.389400461508
9,11,"M M Catering",37.7932429688316,-122.394845565197
9,11,"Linda's Catering",37.7862355858498,-122.389553869597
9,11,"Sun Rise Catering",37.7767796784461,-122.415300603234
9,11,"Steve's Mobile Deli",37.7686648241945,-122.407903224274
9,11,"Mike's Catering",37.7973946460656,-122.411309805654
9,11,"Mike's Catering",37.7810746780754,-122.391705661167
9,11,"Mike's Catering",37.7536799789675,-122.390414532294
9,11,"Mike's Catering",37.7721522432444,-122.387742984116
9,11,"Mike's Catering",37.7696400322177,-122.386236654199
9,12,"Natan's Catering",37.764741322675,-122.387124812179
9,12,"Natan's Catering",37.7620084580302,-122.385441811568
9,12,"Natan's Catering",37.7611829945051,-122.388118704077
9,12,"Natan's Catering",37.7583033956425,-122.393514054817
9,12,"Natan's Catering",37.7571245603861,-122.388529515257
9,12,"Natan's Catering",37.7531551067155,-122.391174184456
9,12,"Natan's Catering",37.7533400011811,-122.384128384237
9,12,"Natan's Catering",37.7507607694601,-122.401540291357
9,12,"Natan's Catering",37.7524049924783,-122.387000196298
9,12,"Natan's Catering",37.75023466372,-122.388046499994
9,12,"Natan's Catering",37.7454064294164,-122.390081224847
9,12,"Natan's Catering",37.7381177715919,-122.404418467212
9,12,"Natan's Catering",37.740303872806,-122.406059743494
9,12,"Natan's Catering",37.7300036831892,-122.478186325415
9,12,"Natan's Catering",37.7679955456856,-122.387549426547
9,12,"Natan's Catering",37.7674330173312,-122.392149114172
9,12,"Natan's Catering",37.7707029760975,-122.390790355566
9,15,"Roadside Rotisserie Corporation / Country Grill",37.7909907606803,-122.399212233401
9,15,"Munch India",37.7931113386248,-122.401162261588
9,16,"DO UC US Mobile Catering",37.7638394608477,-122.456786975662
9,16,"Tacos El Ojo De Agua",37.7807288812268,-122.395002864462
9,16,"Wexler, LLC",37.7942216943085,-122.402565935088
9,17,"Eli's Hot Dogs",37.7477427984325,-122.403492827444
9,17,"Bay Area Mobile Catering, Inc. dba. Taqueria Angelica's",37.7500640921275,-122.39046456696
9,21,"Spice Affairs",37.7889112552309,-122.403082024484
21,22,"M M Catering",37.7747758874698,-122.407328371042
10,15,"Covered Dish Productions, LLC. dba. The Rib Whip",37.795922726101,-122.396938330446
10,15,"VK Industries, Inc.",37.7931113386248,-122.401162261588
10,15,"Cheese Gone Wild",37.7892526344794,-122.395226296171
10,15,"Slider Shack, LLC.",37.792987967452,-122.394721470128
10,15,"Celtic Catering",37.7852809994896,-122.396937139317
10,19,"Yummy Hot Dogs",37.7832484947523,-122.409175549596
11,12,"Fins on the Hoof / Saveurs",37.767519417299,-122.412539656202
11,12,"Kara's Cupcakes",37.7890402978513,-122.398391248497
11,14,"Smokin Warehouse Barbecue",37.8018821327273,-122.40178154754
11,14,"San Francisco Soup Company",37.7760385105764,-122.392939332071
11,14,"JapaCurry",37.7892526344794,-122.395226296171
11,16,"La Falafel",37.7674971328296,-122.422067389717
11,16,"La Falafel",37.7670981917075,-122.422028655379
11,21,"Missing Link SF",37.7898310241126,-122.397562684622
12,13,"Kara's Cupcakes",37.7892526344794,-122.395226296171
12,13,"Fins on the Hoof / Saveurs",37.7885298177102,-122.396140544185
13,14,"Kara's Cupcakes",37.7935583358987,-122.397654505859
13,16,"Fins on the Hoof / Saveurs",37.7811636144171,-122.39303923437
15,16,"Kara's Cupcakes",37.7796402072113,-122.390153758805
15,20,"Casey's Pizza, LLC",37.7890458039929,-122.402007263698
6,10,"Expresso Subito, LLC.",37.7934866365953,-122.398217219171
6,14,"Doc's of the Bay",37.7955802129896,-122.402408013716
6,15,"Bulldog Coffee",37.7920514593666,-122.400943208625
6,15,"Philz Coffee Truck",37.7930028753318,-122.401140310473
6,16,"Bacon Bacon",37.7952923836472,-122.398573051937
6,20,"Cupkates Bakery, LLC",37.7930490854658,-122.401650717955
8,15,"Tacos El Primo",37.7262979060055,-122.389150144527
8,15,"Off the Grid Services, LLC",37.7811636144171,-122.39303923437
8,17,"Viet Duong Co., Ltd.",37.7909907606803,-122.399212233401
8,17,"The Sandwich Stand, LLC.",37.7930790295604,-122.400542764955
9,15,"Halal Cart, LLC",37.7944378622969,-122.394689039468
9,15,"Casey's Pizza, LLC",37.7924617059078,-122.394062679127
9,15,"Hiyaaa",37.7923688646437,-122.399856268425
10,14,"JapaCurry",37.787998605237,-122.39990697671
10,15,"Celtic Catering",37.792274296118,-122.401036872913
23,24,"Subs on Hubs",37.7746864527728,-122.409588548492
12,14,"Fins on the Hoof / Saveurs",37.7811636144171,-122.39303923437
14,16,"Fins on the Hoof / Saveurs",37.767519417299,-122.412539656202
6,15,"Cheese Gone Wild",37.7982529941715,-122.399171569524
6,20,"Cupkates Bakery, LLC",37.7893374737403,-122.402115788121
8,15,"Tres Agaves Mexican Kitchen & Tequila Lounge LLC. dba Tres Truck",37.7660700596174,-122.403677685348
9,15,"Hiyaaa",37.7796197226384,-122.416705154465
10,14,"Cheese Gone Wild",37.7924203831429,-122.401066532616
22,24,"Teresa Hotdogs",37.7630427472863,-122.434353042649
22,24,"Julie's Hot Dogs",37.7586236968811,-122.418982387443
22,3,"Sinthya's Hot Dogs",37.7757301903637,-122.409029971059
22,3,"Sinthya's Hot Dogs",37.7785307486304,-122.40554980922
11,13,"Fins on the Hoof / Saveurs",37.7811636144171,-122.39303923437
11,14,"San Francisco Soup Company",37.76833824373,-122.389400461508
0,2,"Subs on Hubs",37.7746864527728,-122.409588548492
13,14,"Fins on the Hoof / Saveurs",37.7885298177102,-122.396140544185
16,20,"Off the Grid Services, LLC",37.7760385105764,-122.392939332071
16,20,"Cheese Gone Wild",37.7875865680045,-122.397137441482
6,10,"Cheese Gone Wild",37.7921506197448,-122.422766002651
6,16,"Philz Coffee Truck",37.7891611498687,-122.409540294778
18,22,"Spice Affairs",37.7896647824706,-122.404699242875
8,22,"Mob Dog",37.7873287770306,-122.404002707411
8,16,"Spice Affairs",37.7896647824706,-122.404699242875
10,16,"Covered Dish Productions, LLC. dba. The Rib Whip",37.7997177464055,-122.400003237392
11,14,"San Francisco Soup Company",37.7830953918322,-122.440170134632
11,15,"Casey's Pizza, LLC",37.7871096242431,-122.401032957001
11,17,"Let's Be Frank",37.7757486299466,-122.424223873217
23,24,"Subs on Hubs",37.7789806675378,-122.401876399982
15,20,"Casey's Pizza, LLC",37.7758704298588,-122.423847229106
15,20,"Cheese Gone Wild",37.7875865680045,-122.397137441482
16,23,"La Falafel",37.7674971328296,-122.422067389717
16,23,"La Falafel",37.7670981917075,-122.422028655379
6,20,"Cupkates Bakery, LLC",37.7913214095017,-122.400843415211
21,24,"GOZA GOZA TACO",37.771814022357,-122.413989317366
21,24,"Halal Cart, LLC",37.7875261917666,-122.410019320411
21,24,"Halal Cart",37.7839488842882,-122.408008279363
10,11,"Eva's Catering",37.7569744610877,-122.477690635523
10,11,"Natan's Catering",37.7633319911646,-122.420235403432
10,11,"Natan's Catering",37.7686648241945,-122.407903224274
11,14,"Mini Mobile Food Catering",37.7395021181206,-122.386015974654
11,16,"Sanguchon",37.7636221067617,-122.399551271174
11,16,"Off the Grid Services, LLC",37.7760385105764,-122.392939332071
0,1,"Natan's Catering",37.764741322675,-122.387124812179
0,1,"Natan's Catering",37.7620084580302,-122.385441811568
0,1,"Natan's Catering",37.7611829945051,-122.388118704077
0,1,"Natan's Catering",37.7583033956425,-122.393514054817
0,1,"Natan's Catering",37.7571245603861,-122.388529515257
0,1,"Natan's Catering",37.7531551067155,-122.391174184456
0,1,"Natan's Catering",37.7533400011811,-122.384128384237
0,1,"Natan's Catering",37.7507607694601,-122.401540291357
0,1,"Natan's Catering",37.7524049924783,-122.387000196298
0,1,"Natan's Catering",37.75023466372,-122.388046499994
0,1,"Natan's Catering",37.7454064294164,-122.390081224847
0,1,"Natan's Catering",37.7381177715919,-122.404418467212
0,1,"Natan's Catering",37.740303872806,-122.406059743494
0,1,"Natan's Catering",37.7300036831892,-122.478186325415
0,1,"Natan's Catering",37.7679955456856,-122.387549426547
0,1,"Natan's Catering",37.7674330173312,-122.392149114172
0,1,"Natan's Catering",37.7707029760975,-122.390790355566
12,16,"Casey's Pizza, LLC",37.7890458039929,-122.402007263698
14,18,"M M Catering",37.7508581374316,-122.394102374471
16,20,"Casey's Pizza, LLC",37.7758704298588,-122.423847229106
18,24,"Doc's of the Bay",37.7553847384504,-122.418811946749
8,10,"Eva's Catering",37.7523251067611,-122.476257881615
8,10,"Eva's Catering",37.7523518503074,-122.476198716316
8,22,"Spice Affairs",37.7896647824706,-122.404699242875
8,16,"DO UC US Mobile Catering",37.7481831928467,-122.403373895878
9,10,"Natan's Catering",37.7687530601951,-122.397915173669
9,10,"Natan's Catering",37.7448503261018,-122.386622994805
9,15,"Mike's Catering",37.7973946460656,-122.411309805654
9,15,"Mike's Catering",37.7810746780754,-122.391705661167
9,15,"Mike's Catering",37.7536799789675,-122.390414532294
9,15,"Mike's Catering",37.7721522432444,-122.387742984116
9,15,"Mike's Catering",37.7696400322177,-122.386236654199
